park_code,name,designation,unit_type,states,visitors_2025,dark_sky_certified,timed_entry_required,has_entrance_fees,bird_species,alerts_active,latitude,longitude
abli,Abraham Lincoln Birthplace National Historical Park,National Historical Park,Historical Parks,KY,212899,False,False,False,131,0,37.5858662,-85.67330523
acad,Acadia National Park,National Park,National Parks,ME,4079318,False,True,True,215,3,44.409286,-68.247501
adam,Adams National Historical Park,National Historical Park,Historical Parks,MA,48726,False,True,True,,4,42.2553961,-71.01160356
afam,African American Civil War Memorial,Park Unit,Other,DC,,False,False,False,,0,38.9166,-77.026
afbg,African Burial Ground National Monument,National Monument,Monuments,NY,32465,False,False,False,,0,40.71452681,-74.00447358
agfo,Agate Fossil Beds National Monument,National Monument,Monuments,NE,16827,False,False,False,131,2,42.42170419,-103.753886
alag,Alagnak Wild River,Wild River,Rivers & Riverways,AK,375,False,False,False,123,0,59.05180188,-156.112002
alca,Alcatraz Island,Park Unit,Other,CA,,False,False,False,,2,37.82676234,-122.4230206
aleu,Aleutian Islands World War II National Historic Area,National Historic Area,Other,AK,,False,False,False,,0,53.9143,-166.5197
alfl,Alibates Flint Quarries National Monument,National Monument,Monuments,TX,8054,False,False,False,32,2,35.5819662,-101.6717008
alka,Ala Kahakai National Historic Trail,National Historic Trail,Trails,HI,,False,False,False,,0,19.144668109,-155.890734294
alpo,Allegheny Portage Railroad National Historic Site,National Historic Site,Historic Sites,PA,162905,False,False,False,122,1,40.42977467,-78.57431622
amch,Amache National Historic Site,National Historic Site,Historic Sites,CO,8113,False,False,False,,2,38.04962,-102.32903
amis,Amistad National Recreation Area,National Recreation Area,Recreation Areas,TX,734293,False,False,False,255,3,29.53539777,-101.075821
amme,American Memorial Park,Park,Other,MP,,False,False,False,24,1,15.21680033,145.7231096
anac,Anacostia Park,Park,Other,DC,,False,False,False,223,0,38.8782,-76.9703
anch,Alaska Public Lands,Park Unit,Other,AK,,False,False,False,,0,61.2188,-149.894536
ande,Andersonville National Historic Site,National Historic Site,Historic Sites,GA,61850,False,False,False,,0,32.19831758,-84.12988898
ania,Aniakchak National Monument & Preserve,National Monument & Preserve,Preserves & Reserves,AK,247,False,False,False,134,0,56.85317675,-157.5544362
anjo,Andrew Johnson National Historic Site,National Historic Site,Historic Sites,TN,43203,False,False,False,,2,36.15624509,-82.83709021
anti,Antietam National Battlefield,National Battlefield,Battlefields & Military Parks,MD,161006,False,False,True,137,1,39.46763452,-77.73828017
apco,Appomattox Court House National Historical Park,National Historical Park,Historical Parks,VA,77496,False,False,False,93,1,37.38022164,-78.79856982
apis,Apostle Islands National Lakeshore,National Lakeshore,Seashores & Lakeshores,WI,261009,False,False,False,253,7,46.96240467,-90.66045665
appa,Appalachian National Scenic Trail,National Scenic Trail,Trails,CT|GA|MA|MD|ME|NC|NH|NJ|NY|PA|TN|VA|VT|WV,6215118,False,False,False,38,2,40.41029575,-76.4337548
arch,Arches National Park,National Park,National Parks,UT,1511740,True,False,True,188,2,38.72261844,-109.5863666
arho,"Arlington House, The Robert E. Lee Memorial",Park Unit,Other,VA,363284,False,False,False,,1,38.8822021484,-77.0734786987
arpo,Arkansas Post National Memorial,National Memorial,Memorials,AR,27674,False,False,False,111,0,34.00389998,-91.30837178
asis,Assateague Island National Seashore,National Seashore,Seashores & Lakeshores,MD|VA,2325195,False,False,True,310,1,38.05593172,-75.24524611
azru,Aztec Ruins National Monument,National Monument,Monuments,NM,38636,False,False,False,115,1,36.83682216,-107.9999245
badl,Badlands National Park,National Park,National Parks,SD,1139361,True,False,True,209,2,43.68584846,-102.482942
band,Bandelier National Monument,National Monument,Monuments,NM,247642,False,False,True,175,2,35.77898596,-106.3317124
bawa,Baltimore-Washington Parkway,Parkway,Parkways,MD,,False,False,False,127,0,39.02604289,-76.85410921
bela,Bering Land Bridge National Preserve,National Preserve,Preserves & Reserves,AK,2674,False,False,False,150,2,65.96087902,-164.4086432
beol,Bent's Old Fort National Historic Site,National Historic Site,Historic Sites,CO,7190,False,False,False,72,6,38.03977546,-103.4266499
bepa,Belmont-Paul Women's Equality National Monument,National Monument,Monuments,DC,6514,False,False,False,,0,38.89231541,-77.00381882
bibe,Big Bend National Park,National Park,National Parks,TX,568104,True,False,True,409,3,29.29817767,-103.2297897
bica,Bighorn Canyon National Recreation Area,National Recreation Area,Recreation Areas,MT|WY,228382,False,False,False,232,2,45.13154227,-108.1443943
bicr,Birmingham Civil Rights National Monument,National Monument,Monuments,AL,,False,False,False,,1,33.5154266357,-86.814666748
bicy,Big Cypress National Preserve,National Preserve,Preserves & Reserves,FL,2262731,False,False,False,197,3,25.97079602,-81.08120629
biho,Big Hole National Battlefield,National Battlefield,Battlefields & Military Parks,MT,40938,False,False,False,205,1,45.64647324,-113.6458443
bisc,Biscayne National Park,National Park,National Parks,FL,486567,False,False,False,230,3,25.490587,-80.21023851
biso,Big South Fork National River & Recreation Area,National River & Recreation Area,Rivers & Riverways,KY|TN,774353,False,False,False,173,5,36.5348388,-84.66506688
bith,Big Thicket National Preserve,National Preserve,Preserves & Reserves,TX,228310,False,False,False,295,2,30.457983431,-94.386742115
blca,Black Canyon Of The Gunnison National Park,National Park,National Parks,CO,250086,True,False,True,174,3,38.57779869,-107.7242756
blri,Blue Ridge Parkway,Parkway,Parkways,NC|VA,16533753,False,False,False,241,0,35.5657195274,-82.486484587
blrv,Blackstone River Valley National Historical Park,National Historical Park,Historical Parks,RI|MA,,False,False,False,,0,41.8775792792,-71.382433945
blsc,Blackwell School National Historic Site,National Historic Site,Historic Sites,TX,,False,False,False,,0,30.3057966497568,-104.022553112857
blue,Bluestone National Scenic River,National Scenic River,Rivers & Riverways,WV,12446,False,False,False,109,0,37.56577087,-80.98366657
boaf,Boston African American National Historic Site,National Historic Site,Historic Sites,MA,365864,False,False,False,,0,42.35908295,-71.06764181
boha,Boston Harbor Islands National Recreation Area,National Recreation Area,Recreation Areas,MA,4276,False,False,False,84,1,42.30905526,-70.93941138
bost,Boston National Historical Park,National Historical Park,Historical Parks,MA,2383812,False,False,False,,3,42.36957407,-71.05536763
bowa,Booker T Washington National Monument,National Monument,Monuments,VA,21698,False,False,False,123,0,37.11520539,-79.73185833
brca,Bryce Canyon National Park,National Park,National Parks,UT,1967367,True,False,True,203,2,37.58399144,-112.1826689
brcr,Brices Cross Roads National Battlefield Site,National Battlefield Site,Battlefields & Military Parks,MS,,False,False,False,,0,34.50611958,-88.72889343
brvb,Brown v. Board of Education National Historical Park,National Historical Park,Historical Parks,KS,17860,False,False,False,,1,39.03787665,-95.67614437
buff,Buffalo National River,National River,Rivers & Riverways,AR,1393246,True,False,False,211,1,36.04116481,-92.90761584
buis,Buck Island Reef National Monument,National Monument,Monuments,VI,40079,False,False,False,37,0,17.81026717,-64.6222179
buov,Butterfield Overland National Historic Trail,National Historic Trail,Trails,MO|AR|OK|TX|NM|AZ|CA,,False,False,False,,0,32.2768237589,-106.796583304
cabr,Cabrillo National Monument,National Monument,Monuments,CA,769336,False,False,True,367,0,32.6722503,-117.2415985
cach,Canyon de Chelly National Monument,National Monument,Monuments,AZ,340586,False,False,False,192,2,36.14319567,-109.3388303
cacl,Castle Clinton National Monument,National Monument,Monuments,NY,3656350,False,False,False,,1,40.70347795,-74.01680558
caco,Cape Cod National Seashore,National Seashore,Seashores & Lakeshores,MA,3682771,False,False,True,372,2,41.92381465,-70.04319832
cagr,Casa Grande Ruins National Monument,National Monument,Monuments,AZ,87748,False,False,False,114,0,32.99702582,-111.5325383
caha,Cape Hatteras National Seashore,National Seashore,Seashores & Lakeshores,NC,2684009,False,False,False,369,3,35.41370839,-75.65061112
cahi,Capitol Hill Parks,Park Unit,Other,DC,,False,False,False,,0,38.889993,-76.990332
cajo,Captain John Smith Chesapeake National Historic Trail,National Historic Trail,Trails,VA|MD|DE|DC|PA|NY,,False,False,False,,0,38.971601,-76.483355
cakr,Cape Krusenstern National Monument,National Monument,Monuments,AK,3357,False,False,False,142,0,67.41499986,-163.5037786
cali,California National Historic Trail,National Historic Trail,Trails,CA|CO|ID|KS|MO|NE|NV|OR|UT|WY,,False,False,False,,0,42.3999643979,-108.702415369
calo,Cape Lookout National Seashore,National Seashore,Seashores & Lakeshores,NC,512737,False,False,False,275,1,34.8267961,-76.34319082
came,Cape Henry Memorial Part of Colonial National Historical Park,Part of Colonial National Historical Park,Historical Parks,VA,,False,False,False,,0,36.9278094,-76.0088219
camo,Castle Mountains National Monument,National Monument,Monuments,CA,,False,False,False,,3,35.29156348,-115.0935606
cana,Canaveral National Seashore,National Seashore,Seashores & Lakeshores,FL,2496947,False,False,True,273,4,28.78637529,-80.75419576
cane,Camp Nelson National Monument,National Monument,Monuments,KY,20763,False,False,False,,0,37.7970179913,-84.598168306
cany,Canyonlands National Park,National Park,National Parks,UT,796057,True,False,True,206,2,38.24555783,-109.8801624
care,Capitol Reef National Park,National Park,National Parks,UT,1388476,True,False,True,242,3,38.2821653131,-111.247048378
cari,Cane River Creole National Historical Park,National Historical Park,Historical Parks,LA,11203,False,False,False,,2,31.65408447,-93.00131977
carl,Carl Sandburg Home National Historic Site,National Historic Site,Historic Sites,NC,94796,False,False,False,102,1,35.26815509,-82.45106258
casa,Castillo de San Marcos National Monument,National Monument,Monuments,FL,598070,False,False,True,84,2,29.89785701,-81.31217173
cato,Catoctin Mountain Park,Park,Other,MD,460857,False,False,False,134,0,39.65068457,-77.46417665
cave,Carlsbad Caverns National Park,National Park,National Parks,NM,410778,False,False,True,367,5,32.14089463,-104.5529688
cavo,Capulin Volcano National Monument,National Monument,Monuments,NM,89489,True,False,True,59,3,36.78171096,-103.9710427
cawo,Carter G. Woodson Home National Historic Site,National Historic Site,Historic Sites,DC,20,False,False,False,,1,38.91089286,-77.02431104
cbpo,Chesapeake Bay,Park Unit,Other,DC|DE|MD|NY|PA|VA|WV,,False,False,False,,0,38.971601,-76.483355
cebe,Cedar Creek & Belle Grove National Historical Park,National Historical Park,Historical Parks,VA,,False,False,False,,0,39.0093576,-78.30618934
cebr,Cedar Breaks National Monument,National Monument,Monuments,UT,718014,True,False,True,108,0,37.63545562,-112.845268
cech,César E. Chávez National Monument,National Monument,Monuments,CA,31497,False,False,False,,0,35.22729389,-118.5615781
cham,Chamizal National Memorial,National Memorial,Memorials,TX,7917,False,False,False,39,0,31.76729634,-106.4544011
chat,Chattahoochee River National Recreation Area,National Recreation Area,Recreation Areas,GA,2901903,False,False,True,191,1,33.99698333,-84.28953177
chch,Chickamauga & Chattanooga National Military Park,National Military Park,Battlefields & Military Parks,GA|TN,971647,False,False,True,175,0,34.94317623,-85.28749537
chcu,Chaco Culture National Historical Park,National Historical Park,Historical Parks,NM,29816,True,False,True,149,0,36.03963414,-107.9560076
chic,Chickasaw National Recreation Area,National Recreation Area,Recreation Areas,OK,1877797,False,False,False,84,1,34.46050507,-97.00715669
chir,Chiricahua National Monument,National Monument,Monuments,AZ,70406,True,False,False,,1,32.01214618,-109.341607
chis,Channel Islands National Park,National Park,National Parks,CA,227186,False,False,False,354,2,33.98680093,-119.9112735
choh,Chesapeake & Ohio Canal National Historical Park,National Historical Park,Historical Parks,DC|MD|WV,4579704,False,False,True,181,4,39.000283692,-77.2481399539
chpi,Charles Pinckney National Historic Site,National Historic Site,Historic Sites,SC,23758,False,False,False,,0,32.84577392,-79.82487582
chri,Christiansted National Historic Site,National Historic Site,Historic Sites,VI,100165,False,False,True,,1,17.7468,-64.7022
chsc,Little Rock Central High School National Historic Site,National Historic Site,Historic Sites,AR,49069,False,False,False,,0,34.7369465,-92.29987899
chyo,Charles Young Buffalo Soldiers National Monument,National Monument,Monuments,OH,4412,False,False,False,,0,39.70817829,-83.89328575
cibs,Carlisle Federal Indian Boarding School National Monument,National Monument,Monuments,PA,,False,False,False,,1,40.2094,-77.17971
ciro,City Of Rocks National Reserve,National Reserve,Preserves & Reserves,ID,90898,False,False,False,164,1,42.0699024,-113.7124097
clba,Clara Barton National Historic Site,National Historic Site,Historic Sites,MD,11309,False,False,False,,1,38.96762882,-77.14009689
coga,Constitution Gardens,Park Unit,Other,DC,,False,False,False,6,0,38.8909354,-77.04409306
colm,Colorado National Monument,National Monument,Monuments,CO,483436,False,False,True,164,1,39.05045016,-108.6920709
colo,Colonial National Historical Park,National Historical Park,Historical Parks,VA,1582994,False,False,True,262,1,37.22824435,-76.61998123
colt,Coltsville National Historical Park,National Historical Park,Historical Parks,CT,,False,False,False,,2,42.4677505493,-73.203666687
cong,Congaree National Park,National Park,National Parks,SC,287833,False,False,False,191,4,33.79187523,-80.74867805
coro,Coronado National Memorial,National Memorial,Memorials,AZ,179216,False,False,False,178,2,31.34900397,-110.2561574
cowp,Cowpens National Battlefield,National Battlefield,Battlefields & Military Parks,SC,175020,False,False,False,104,1,35.13160654,-81.80935433
crla,Crater Lake National Park,National Park,National Parks,OR,632242,False,False,True,210,2,42.94065854,-122.1338414
crmo,Craters Of The Moon National Monument & Preserve,National Monument & Preserve,Preserves & Reserves,ID,260418,True,False,True,219,1,43.20345611,-113.4791609
cuga,Cumberland Gap National Historical Park,National Historical Park,Historical Parks,KY|TN|VA,765010,False,False,False,156,1,36.62503076,-83.6114083
cuis,Cumberland Island National Seashore,National Seashore,Seashores & Lakeshores,GA,60299,False,False,True,322,3,30.85857484,-81.45253575
cure,Curecanti National Recreation Area,National Recreation Area,Recreation Areas,CO,807117,True,False,False,273,4,38.46584558,-107.3303371
cuva,Cuyahoga Valley National Park,National Park,National Parks,OH,3025325,False,False,False,241,4,41.26093905,-81.57116722
cwdw,Civil War Defenses of Washington,Park Unit,Other,DC|MD|VA,,False,False,False,,1,38.9644,-77.0292
daav,Dayton Aviation Heritage National Historical Park,National Historical Park,Historical Parks,OH,79760,False,False,False,,0,39.78944467,-84.10442045
ddem,Dwight D. Eisenhower Memorial,Memorial,Memorials,DC,676062,False,False,False,,0,38.8869476647,-77.018737554
dena,Denali National Park & Preserve,National Park & Preserve,Preserves & Reserves,AK,543300,False,False,True,160,2,63.29777484,-151.0526568
depo,Devils Postpile National Monument,National Monument,Monuments,CA,99652,False,False,False,103,1,37.6152564,-119.0873903
deso,De Soto National Memorial,National Memorial,Memorials,FL,124294,False,False,False,,1,27.52272613,-82.64335416
deto,Devils Tower National Monument,National Monument,Monuments,WY,515303,False,False,True,133,2,44.59064655,-104.7156341
deva,Death Valley National Park,National Park,National Parks,CA|NV,1320134,True,False,True,384,1,36.48753731,-117.134395
dewa,Delaware Water Gap National Recreation Area,National Recreation Area,Recreation Areas,NJ|PA,3986709,False,False,True,237,3,41.12793491,-74.94751173
dino,Dinosaur National Monument,National Monument,Monuments,CO|UT,315725,True,False,True,271,1,40.50739742,-108.9333714
drto,Dry Tortugas National Park,National Park,National Parks,FL,89355,False,False,True,289,5,24.628741,-82.87319
ebla,Ebey's Landing National Historical Reserve,National Historical Reserve,Preserves & Reserves,WA,,False,False,False,222,0,48.21403036,-122.6877213
edal,Edgar Allan Poe National Historic Site,National Historic Site,Historic Sites,PA,,False,False,False,,1,39.96195482,-75.1500062
edis,Thomas Edison National Historical Park,National Historical Park,Historical Parks,NJ,22370,False,False,True,,1,40.78549896,-74.23821139
efmo,Effigy Mounds National Monument,National Monument,Monuments,IA,56912,False,False,False,220,0,43.08095081,-91.19687517
eise,Eisenhower National Historic Site,National Historic Site,Historic Sites,PA,75328,False,False,False,111,0,39.79577592,-77.26508101
elca,El Camino Real de Tierra Adentro National Historic Trail,National Historic Trail,Trails,NM|TX,,False,False,False,,0,33.7990672546,-106.866386195
elis,Ellis Island Part of Statue of Liberty National Monument,Part of Statue of Liberty National Monument,Monuments,NJ|NY,,False,False,False,,0,40.69946,-74.0401
elma,El Malpais National Monument,National Monument,Monuments,NM,151998,False,False,False,206,2,34.88422799,-107.9950948
elmo,El Morro National Monument,National Monument,Monuments,NM,48797,True,False,False,124,1,35.03895916,-108.3463984
elro,Eleanor Roosevelt National Historic Site,National Historic Site,Historic Sites,NY,13586,False,False,False,49,0,41.76208482,-73.89894026
elte,El Camino Real de los Tejas National Historic Trail,National Historic Trail,Trails,TX|LA,,False,False,False,,0,30.0922964581,-97.3397666725
euon,Eugene O'Neill National Historic Site,National Historic Site,Historic Sites,CA,14881,False,False,False,49,0,37.82604456,-122.0271566
ever,Everglades National Park,National Park,National Parks,FL,778198,False,False,True,359,3,25.37294225,-80.88200301
feha,Federal Hall National Memorial,National Memorial,Memorials,NY,66223,False,False,False,,1,40.70731192,-74.01025636
fiis,Fire Island National Seashore,National Seashore,Seashores & Lakeshores,NY,305520,False,False,False,339,3,40.69668638,-73.00013462
fila,First Ladies National Historic Site,National Historic Site,Historic Sites,OH,8482,False,False,False,,1,40.79689857,-81.37579869
flfo,Florissant Fossil Beds National Monument,National Monument,Monuments,CO,63680,True,False,True,154,1,38.91260586,-105.2803396
flni,Flight 93 National Memorial,National Memorial,Memorials,PA,286079,False,False,False,,0,40.06061476,-78.89456905
fobo,Fort Bowie National Historic Site,National Historic Site,Historic Sites,AZ,8739,False,False,False,171,2,32.14925942,-109.451132
fobu,Fossil Butte National Monument,National Monument,Monuments,WY,20626,False,False,False,154,1,41.85635223,-110.7624754
foda,Fort Davis National Historic Site,National Historic Site,Historic Sites,TX,35580,False,False,True,125,2,30.59930381,-103.8961904
fodo,Fort Donelson National Battlefield,National Battlefield,Battlefields & Military Parks,KY|TN,151151,False,False,False,177,2,36.49019078,-87.92445695
fodu,Fort Dupont Park,Park Unit,Other,DC,,False,False,False,,0,38.87731289,-76.94955824
fofo,Fort Foote Park,Park,Other,MD,,False,False,False,,0,38.76901785,-77.02812387
fofr,Fort Frederica National Monument,National Monument,Monuments,GA,108043,False,False,False,98,0,31.2214699,-81.39452014
fola,Fort Laramie National Historic Site,National Historic Site,Historic Sites,WY,36998,False,False,False,121,0,42.20301694,-104.5459112
fols,Fort Larned National Historic Site,National Historic Site,Historic Sites,KS,20576,False,False,False,57,0,38.18047491,-99.21836664
foma,Fort Matanzas National Monument,National Monument,Monuments,FL,653152,False,False,False,212,1,29.7121489,-81.23567535
fomc,Fort McHenry National Monument and Historic Shrine,National Monument and Historic Shrine,Monuments,MD,283027,False,False,True,,4,39.26395314,-76.58044165
fomr,Fort Monroe National Monument,National Monument,Monuments,VA,,False,False,False,,2,37.01733343,-76.30103195
fone,Fort Necessity National Battlefield,National Battlefield,Battlefields & Military Parks,PA,225783,False,False,False,151,2,39.81306048,-79.59033344
fopo,Fort Point National Historic Site,National Historic Site,Historic Sites,CA,1010870,False,False,False,41,1,37.80837439,-122.473747
fopu,Fort Pulaski National Monument,National Monument,Monuments,GA,320926,False,False,True,216,4,32.0308274,-80.93361681
fora,Fort Raleigh National Historic Site,National Historic Site,Historic Sites,NC,266775,False,False,False,,0,35.93278602,-75.71496865
fosc,Fort Scott National Historic Site,National Historic Site,Historic Sites,KS,25254,False,False,False,,0,37.84358849,-94.70429174
fosm,Fort Smith National Historic Site,National Historic Site,Historic Sites,AR|OK,106953,False,False,False,,1,35.38834746,-94.43129079
fost,Fort Stanwix National Monument,National Monument,Monuments,NY,77507,False,False,False,,0,43.21053441,-75.45557626
fosu,Fort Sumter and Fort Moultrie National Historical Park,National Historical Park,Historical Parks,SC,814658,False,False,True,,4,32.75654469,-79.87068744
foth,Ford's Theatre National Historic Site,National Historic Site,Historic Sites,DC,393662,False,True,False,,0,38.89668819,-77.02577944
foun,Fort Union National Monument,National Monument,Monuments,NM,7813,True,False,False,58,2,35.90700629,-105.0145185
fous,Fort Union Trading Post National Historic Site,National Historic Site,Historic Sites,MT|ND,9808,False,False,False,103,0,48.00075828,-104.0375238
fova,Fort Vancouver National Historic Site,National Historic Site,Historic Sites,OR|WA,1071161,False,False,True,58,0,45.62234841,-122.6617043
fowa,Fort Washington Park,Park,Other,MD,502171,False,False,False,141,2,38.7117,-77.0302
frde,Franklin Delano Roosevelt Memorial,Park Unit,Other,DC,2832124,False,False,False,6,0,38.88341274,-77.04311542
frdo,Frederick Douglass National Historic Site,National Historic Site,Historic Sites,DC,29378,False,True,False,20,0,38.86298458,-76.98508147
frhi,Friendship Hill National Historic Site,National Historic Site,Historic Sites,PA,18080,False,False,False,158,2,39.77543423,-79.92504169
frla,Frederick Law Olmsted National Historic Site,National Historic Site,Historic Sites,MA,7240,False,False,False,,2,42.32424266,-71.13202567
frpe,Frances Perkins National Monument,National Monument,Monuments,ME,,False,False,False,,1,44.0052,-69.5568
frri,Freedom Riders National Monument,National Monument,Monuments,AL,,False,False,False,,0,33.635269165,-85.9064331055
frsp,Fredericksburg & Spotsylvania National Military Park,National Military Park,Battlefields & Military Parks,VA,765991,False,False,False,159,1,38.29378,-77.46734
frst,First State National Historical Park,National Historical Park,Historical Parks,DE|PA,200173,False,False,False,141,1,39.83076929,-75.56353942
gaar,Gates Of The Arctic National Park & Preserve,National Park & Preserve,Preserves & Reserves,AK,14923,False,False,False,130,1,67.75961636,-153.2917758
gari,Gauley River National Recreation Area,National Recreation Area,Recreation Areas,WV,213596,False,False,False,148,1,38.20614947,-81.00420836
gate,Gateway National Recreation Area,National Recreation Area,Recreation Areas,NY|NJ,7696939,False,False,False,363,7,40.56536246,-73.9171087
gegr,General Grant National Memorial,National Memorial,Memorials,NY,63152,False,False,False,,1,40.81332817,-73.96331542
gero,George Rogers Clark National Historical Park,National Historical Park,Historical Parks,IN,113397,False,False,False,,1,38.67912659,-87.53545212
gett,Gettysburg National Military Park,National Military Park,Battlefields & Military Parks,PA,730398,False,False,False,157,3,39.81557366,-77.23246758
gewa,George Washington Birthplace National Monument,National Monument,Monuments,VA,72072,False,False,False,150,2,38.19362603,-76.92079458
gicl,Gila Cliff Dwellings National Monument,National Monument,Monuments,NM,34438,False,False,False,148,3,33.22715258,-108.2706711
glac,Glacier National Park,National Park,National Parks,MT,3136557,True,False,True,242,3,48.68414678,-113.8009306
glba,Glacier Bay National Park & Preserve,National Park & Preserve,Preserves & Reserves,AK,740044,False,False,False,247,0,58.80086718,-136.8407579
glca,Glen Canyon National Recreation Area,National Recreation Area,Recreation Areas,AZ|UT,3729502,False,False,True,303,3,36.9357464677,-111.485594268
glde,Gloria Dei Church National Historic Site,National Historic Site,Historic Sites,PA,,False,False,False,,0,39.93435005,-75.14398924
glec,Glen Echo Park,Park,Other,MD,,False,False,False,,0,38.96912315,-77.14012206
goga,Golden Gate National Recreation Area,National Recreation Area,Recreation Areas,CA,15748676,False,False,False,368,6,37.85982543,-122.6007386
gois,Governors Island National Monument,National Monument,Monuments,NY,52200,False,False,False,,1,40.69164233,-74.01670765
gosp,Golden Spike National Historical Park,National Historical Park,Historical Parks,UT,53696,False,False,True,96,0,41.61947508,-112.5242653
grba,Great Basin National Park,National Park,National Parks,NV,161210,True,False,False,214,2,38.94617378,-114.2579782
grca,Grand Canyon National Park,National Park,National Parks,AZ,4430653,True,False,True,447,5,36.0001165336,-112.121516363
gree,Greenbelt Park,Park,Other,MD,130314,False,False,False,127,1,38.98328267,-76.89722133
greg,Great Egg Harbor River,Park Unit,Other,NJ,,False,False,False,,0,39.3042,-74.6497
grfa,Great Falls Park,Park,Other,VA,,False,False,True,181,2,38.98776107,-77.25128326
grko,Grant-Kohrs Ranch National Historic Site,National Historic Site,Historic Sites,MT,23520,False,False,False,230,0,46.41358923,-112.7467024
grpo,Grand Portage National Monument,National Monument,Monuments,MN,85734,False,False,False,205,0,47.99294217,-89.75573031
grsa,Great Sand Dunes National Park & Preserve,National Park & Preserve,Preserves & Reserves,CO,432498,True,False,True,235,4,37.79256812,-105.5919572
grsm,Great Smoky Mountains National Park,National Park,National Parks,NC|TN,11527939,False,False,False,232,5,35.60116374,-83.50818326
grsp,Green Springs,Park Unit,Other,VA,,False,False,False,,0,38.037099,-78.189823
grte,Grand Teton National Park,National Park,National Parks,WY,3800648,False,False,True,195,3,43.81853565,-110.7054666
guco,Guilford Courthouse National Military Park,National Military Park,Battlefields & Military Parks,NC,449802,False,False,False,76,0,36.13225478,-79.8424561
guis,Gulf Islands National Seashore,National Seashore,Seashores & Lakeshores,FL|MS,7576923,False,False,True,316,5,30.3211,-87.2304
gumo,Guadalupe Mountains National Park,National Park,National Parks,TX,206423,False,False,True,267,2,31.92304462,-104.885527
gwca,George Washington Carver National Monument,National Monument,Monuments,MO,31062,False,False,False,192,0,36.9871322,-94.35522737
gwmp,George Washington Memorial Parkway,Memorial Parkway,Parkways,DC|MD|VA,6732932,False,False,False,294,4,38.9628,-77.1495
hafe,Harpers Ferry National Historical Park,National Historical Park,Historical Parks,WV|VA|MD,537876,False,False,True,120,2,39.31865949,-77.74088546
hafo,Hagerman Fossil Beds National Monument,National Monument,Monuments,ID,36667,False,False,False,199,0,42.79074114,-114.9443074
hagr,Hamilton Grange National Memorial,National Memorial,Memorials,NY,97253,False,False,False,,0,40.81871605,-73.94878487
haha,Harmony Hall,Park Unit,Other,MD,,False,False,False,123,0,38.74646351,-77.00377069
hale,Haleakalā National Park,National Park,National Parks,HI,853711,False,False,True,42,4,20.70693015,-156.1591775
hamp,Hampton National Historic Site,National Historic Site,Historic Sites,MD,48158,False,False,False,,4,39.4175296,-76.58781182
hart,Harriet Tubman National Historical Park,National Historical Park,Historical Parks,NY,941,False,False,False,,1,42.9128920287,-76.5646715462
hatu,Harriet Tubman Underground Railroad National Historical Park,National Historical Park,Historical Parks,MD,15348,False,False,False,,0,38.4548643511,-76.1373451376
havo,Hawaiʻi Volcanoes National Park,National Park,National Parks,HI,1877854,False,False,True,62,5,19.3355036,-155.4700257
heho,Herbert Hoover National Historic Site,National Historic Site,Historic Sites,IA,106672,False,False,False,120,0,41.66793558,-91.35232139
hobe,Horseshoe Bend National Military Park,National Military Park,Battlefields & Military Parks,AL,50738,False,False,False,119,0,32.97668879,-85.73413589
hocu,Hopewell Culture National Historical Park,National Historical Park,Historical Parks,OH,51969,False,False,False,274,0,39.31594374,-83.08049456
hofr,Home Of Franklin D Roosevelt National Historic Site,National Historic Site,Historic Sites,NY,101927,False,False,True,54,1,41.76639758,-73.92516857
hofu,Hopewell Furnace National Historic Site,National Historic Site,Historic Sites,PA,45897,False,False,False,139,0,40.20610637,-75.76766355
home,Homestead National Historical Park,National Historical Park,Historical Parks,NE,43099,False,False,False,81,0,40.28802381,-96.83387781
hono,Honouliuli National Historic Site,National Historic Site,Historic Sites,HI,,False,False,False,,0,21.38817536,-158.0574991
hosp,Hot Springs National Park,National Park,National Parks,AR,2494611,False,False,False,114,1,34.52414366,-93.06332936
hove,Hovenweep National Monument,National Monument,Monuments,CO|UT,26616,True,False,True,134,2,37.39134092,-109.0047977
hstr,Harry S Truman National Historic Site,National Historic Site,Historic Sites,MO,19296,False,False,False,,2,38.92711967,-94.5162488
hutr,Hubbell Trading Post National Historic Site,National Historic Site,Historic Sites,AZ,45207,False,False,False,109,1,35.70727324,-109.5599515
iafl,Ice Age Floods National Geologic Trail,National Geologic Trail,Trails,WA|OR|ID|MT,,False,False,False,,0,46.5669309008,-118.992564971
iatr,Ice Age National Scenic Trail,National Scenic Trail,Trails,WI,29125,False,False,False,,11,43.9895697794,-89.5612021706
inde,Independence National Historical Park,National Historical Park,Historical Parks,PA,1926580,False,True,False,,1,39.94746112,-75.14794157
indu,Indiana Dunes National Park,National Park,National Parks,IN,2629497,False,False,True,301,9,41.63765525,-87.09647445
inup,Iñupiat Heritage Center,Park Unit,Other,AK,,False,False,False,,0,71.29832445,-156.7535863
isro,Isle Royale National Park,National Park,National Parks,MI,29091,False,False,True,247,5,48.01145819,-88.82780657
jaga,James A Garfield National Historic Site,National Historic Site,Historic Sites,OH,34298,False,False,False,,1,41.66486549,-81.35086557
jame,Historic Jamestowne Part of Colonial National Historical Park,Part of Colonial National Historical Park,Historical Parks,VA,,False,False,True,,1,37.2065,-76.7538
jazz,New Orleans Jazz National Historical Park,National Historical Park,Historical Parks,LA,51065,False,False,False,,1,29.96303129,-90.06749669
jeca,Jewel Cave National Monument,National Monument,Monuments,SD,110553,False,False,False,85,2,43.73102945,-103.829994
jeff,Gateway Arch National Park,National Park,National Parks,MO,2209028,False,False,False,,0,38.6258069,-90.1892508
jela,Jean Lafitte National Historical Park and Preserve,National Historical Park and Preserve,Preserves & Reserves,LA,226543,False,False,False,263,2,29.81739855,-90.1402241
jica,Jimmy Carter National Historical Park,National Historical Park,Historical Parks,GA,39101,False,False,False,,1,32.03611,-84.3924
joda,John Day Fossil Beds National Monument,National Monument,Monuments,OR,131119,False,False,False,175,1,44.62566508,-119.8811491
jofi,John Fitzgerald Kennedy National Historic Site,National Historic Site,Historic Sites,MA,9664,False,False,False,,2,42.34693694,-71.12323846
jofl,Johnstown Flood National Memorial,National Memorial,Memorials,PA,74977,False,False,False,112,0,40.34584534,-78.77448601
jomu,John Muir National Historic Site,National Historic Site,Historic Sites,CA,38384,False,False,False,91,1,37.9828422,-122.1326097
jotr,Joshua Tree National Park,National Park,National Parks,CA,2932644,True,False,True,251,3,33.91418525,-115.8398125
juba,Juan Bautista de Anza National Historic Trail,National Historic Trail,Trails,AZ|CA,,False,False,False,,0,33.8743390994,-117.224179857
kaho,Kaloko-Honokōhau National Historical Park,National Historical Park,Historical Parks,HI,360084,False,False,False,92,2,19.68083237,-156.0306932
kala,Kalaupapa National Historical Park,National Historical Park,Historical Parks,HI,15335,False,False,False,33,4,21.1731108,-156.9511609
katm,Katmai National Park & Preserve,National Park & Preserve,Preserves & Reserves,AK,34479,False,False,False,175,0,58.62235668,-155.0126574
kaww,Katahdin Woods and Waters National Monument,National Monument,Monuments,ME,33835,False,False,False,171,1,45.9567565918,-68.7122879028
keaq,Kenilworth Park & Aquatic Gardens,Park Unit,Other,DC,,False,False,False,228,1,38.9128,-76.9434
kefj,Kenai Fjords National Park,National Park,National Parks,AK,425369,False,False,False,161,2,59.81804414,-150.106502
kemo,Kennesaw Mountain National Battlefield Park,National Battlefield Park,Battlefields & Military Parks,GA,1179671,False,False,True,207,1,33.95370717,-84.59214186
kewe,Keweenaw National Historical Park,National Historical Park,Historical Parks,MI,35489,False,False,False,,0,47.1792308,-88.52275344
kimo,Kings Mountain National Military Park,National Military Park,Battlefields & Military Parks,SC,175511,False,False,False,122,2,35.13900723,-81.38978712
klgo,Klondike Gold Rush National Historical Park,National Historical Park,Historical Parks,AK,1489935,False,False,False,177,0,59.61042373,-135.2618535
klse,Klondike Gold Rush - Seattle Unit National Historical Park,National Historical Park,Historical Parks,WA,79564,False,False,False,,0,47.5993663,-122.3319664
knri,Knife River Indian Villages National Historic Site,National Historic Site,Historic Sites,ND,9048,False,False,False,144,0,47.3540219,-101.3860533
kova,Kobuk Valley National Park,National Park,National Parks,AK,7786,False,False,False,124,0,67.35631336,-159.2002293
kowa,Korean War Veterans Memorial,Park Unit,Other,DC,3975010,False,False,False,,0,38.88784226,-77.04773857
labe,Lava Beds National Monument,National Monument,Monuments,CA,143659,False,False,True,233,1,41.75915823,-121.5172189
lacl,Lake Clark National Park & Preserve,National Park & Preserve,Preserves & Reserves,AK,19778,False,False,False,168,0,60.57405857,-153.55535
lake,Lake Mead National Recreation Area,National Recreation Area,Recreation Areas,AZ|NV,6135586,False,False,True,291,4,35.96622528,-114.3469067
lamr,Lake Meredith National Recreation Area,National Recreation Area,Recreation Areas,TX,1017135,False,False,False,81,4,35.61926203,-101.6820066
laro,Lake Roosevelt National Recreation Area,National Recreation Area,Recreation Areas,WA,1183757,False,False,False,238,5,48.17148735,-118.3513713
lavo,Lassen Volcanic National Park,National Park,National Parks,CA,504777,False,False,True,210,3,40.49354575,-121.4075993
lecl,Lewis & Clark National Historic Trail,National Historic Trail,Trails,IA|ID|IL|IN|KS|KY|MO|MT|NE|ND|OH|OR|PA|SD|WA|WV,,False,False,False,,0,41.2646141052,-95.9245147705
lewi,Lewis and Clark National Historical Park,National Historical Park,Historical Parks,OR|WA,244195,False,False,True,102,0,46.21178735,-123.9638583
libi,Little Bighorn Battlefield National Monument,National Monument,Monuments,MT,42405,False,False,True,60,2,45.55633048,-107.4183614
libo,Lincoln Boyhood National Memorial,National Memorial,Memorials,IN,115517,False,False,False,224,0,38.11817004,-86.99656861
liho,Lincoln Home National Historic Site,National Historic Site,Historic Sites,IL,123544,False,False,False,,0,39.79715642,-89.64513397
linc,Lincoln Memorial,Park Unit,Other,DC,7743295,False,True,False,,0,38.88927229,-77.05017778
liri,Little River Canyon National Preserve,National Preserve,Preserves & Reserves,AL,781518,False,False,True,147,1,34.41461863,-85.61734327
lode,Lower Delaware National Wild and Scenic River,National Wild and Scenic River,Rivers & Riverways,PA|NJ,,False,False,False,,0,40.4000389,-74.983737
loea,Lower East Side Tenement Museum National Historic Site,National Historic Site,Historic Sites,NY,,False,True,False,,1,40.7187683,-73.99001245
long,Longfellow House Washington's Headquarters National Historic Site,National Historic Site,Historic Sites,MA,54912,False,False,False,,0,42.37698854,-71.12636956
lowe,Lowell National Historical Park,National Historical Park,Historical Parks,MA,102540,False,False,False,,1,42.6455371,-71.31588673
lyba,LBJ Memorial Grove on the Potomac,Park Unit,Other,DC,236042,False,False,False,4,0,38.87858036,-77.05145832
lyjo,Lyndon B Johnson National Historical Park,National Historical Park,Historical Parks,TX,38456,True,False,False,,1,30.2519655,-98.60692433
maac,Maine Acadian Culture,Park Unit,Other,ME,,False,False,False,,0,47.25102114,-68.59447532
mabi,Marsh - Billings - Rockefeller National Historical Park,National Historical Park,Historical Parks,VT,77524,False,False,False,74,1,43.63348732,-72.53424638
maca,Mammoth Cave National Park,National Park,National Parks,KY,660734,True,False,False,168,4,37.19760458,-86.13090198
malu,"Martin Luther King, Jr. National Historical Park",National Historical Park,Historical Parks,GA,647349,False,False,False,,1,33.75618241,-84.37256768
mamc,Mary McLeod Bethune Council House National Historic Site,National Historic Site,Historic Sites,DC,3123,False,False,False,,0,38.90819107,-77.03096742
mana,Manassas National Battlefield Park,National Battlefield Park,Battlefields & Military Parks,VA,473482,False,False,False,159,0,38.81710063,-77.5353468
manz,Manzanar National Historic Site,National Historic Site,Historic Sites,CA,95764,False,False,False,132,1,36.72559195,-118.1547177
mapr,Manhattan Project National Historical Park,National Historical Park,Historical Parks,NM|WA|TN,56390,False,False,False,,0,35.88096,-106.30214
mava,Martin Van Buren National Historic Site,National Historic Site,Historic Sites,NY,15807,False,False,False,84,1,42.36819596,-73.70834257
mawa,Maggie L Walker National Historic Site,National Historic Site,Historic Sites,VA,4657,False,False,False,,0,37.54781499,-77.43746979
memy,Medgar and Myrlie Evers Home National Monument,National Monument,Monuments,MS,61170,False,False,False,,0,32.34096274,-90.21264553
meve,Mesa Verde National Park,National Park,National Parks,CO,463130,True,False,True,207,1,37.23908345,-108.4624032
miin,Minidoka National Historic Site,National Historic Site,Historic Sites,ID|WA,43539,False,False,False,6,0,42.678,-114.2465
mima,Minute Man National Historical Park,National Historical Park,Historical Parks,MA,993124,False,False,False,113,0,42.4562778,-71.30738884
mimi,Minuteman Missile National Historic Site,National Historic Site,Historic Sites,SD,102146,False,False,False,,1,43.89558013,-102.0272131
misp,Mill Springs Battlefield National Monument,National Monument,Monuments,KY,10527,False,False,False,,0,37.0688158602,-84.7375361304
miss,Mississippi National River & Recreation Area,National River & Recreation Area,Rivers & Riverways,MN,224722,False,False,False,293,0,44.942487,-93.098712
mlkm,"Martin Luther King, Jr. Memorial",Park Unit,Other,DC,2843263,False,False,False,,0,38.8862276865,-77.0442195534
mnrr,Missouri National Recreational River,National Recreational River,Rivers & Riverways,SD|NE,166390,False,False,False,237,0,42.7882189,-97.59077822
moca,Montezuma Castle National Monument,National Monument,Monuments,AZ,320013,False,False,True,218,2,34.62237771,-111.8147857
mocr,Moores Creek National Battlefield,National Battlefield,Battlefields & Military Parks,NC,55708,False,False,False,105,3,34.45820776,-78.11031134
moja,Mojave National Preserve,National Preserve,Preserves & Reserves,CA,569844,False,False,False,151,7,35.12485941,-115.5168258
mono,Monocacy National Battlefield,National Battlefield,Battlefields & Military Parks,MD,116902,False,False,False,102,0,39.36084236,-77.39637677
mopi,Mormon Pioneer National Historic Trail,National Historic Trail,Trails,IL|IA|NE|UT|WY,,False,False,False,,0,41.2650321741,-101.84083756
mora,Mount Rainier National Park,National Park,National Parks,WA,1635342,False,False,True,157,8,46.86075416,-121.7043885
morr,Morristown National Historical Park,National Historical Park,Historical Parks,NJ,183001,False,False,False,130,3,40.7650755,-74.53455122
moru,Mount Rushmore National Memorial,National Memorial,Memorials,SD,1905649,False,False,False,58,1,43.88037021,-103.4525186
muwo,Muir Woods National Monument,National Monument,Monuments,CA,756573,False,False,True,72,4,37.89658027,-122.5808047
nabr,Natural Bridges National Monument,National Monument,Monuments,UT,70400,True,False,True,172,2,37.6045329,-110.0022436
nace,National Capital Parks-East,Park Unit,Other,DC,,False,False,False,253,0,38.8659,-76.994
nama,National Mall and Memorial Parks,Park Unit,Other,DC,,False,False,False,116,1,38.8899,-77.026
natc,Natchez National Historical Park,National Historical Park,Historical Parks,MS,41356,False,False,False,,4,31.54697621,-91.39040665
natr,Natchez Trace Parkway,Parkway,Parkways,AL|MS|TN,7994783,False,False,False,135,1,33.78002293,-89.03092439
natt,Natchez Trace National Scenic Trail,National Scenic Trail,Trails,AL|MS|TN,,False,False,False,,2,34.330290333,-88.7100104094
nava,Navajo National Monument,National Monument,Monuments,AZ,44099,False,False,False,141,1,36.71755643,-110.5504015
nebe,New Bedford Whaling National Historical Park,National Historical Park,Historical Parks,MA,16089,False,False,False,,0,41.63540552,-70.92322321
neen,New England National Scenic Trail,National Scenic Trail,Trails,MA|CT,,False,False,False,,0,42.2915819137,-72.5242767334
nepe,Nez Perce National Historical Park,National Historical Park,Historical Parks,ID|MT|OR|WA,343910,False,False,False,161,0,46.07019093,-115.8761258
neph,New Philadelphia National Historic Site,National Historic Site,Historic Sites,IL,,False,False,False,,0,39.69803,-90.96131
neri,New River Gorge National Park & Preserve,National Park & Preserve,Preserves & Reserves,WV,1958440,False,False,False,192,3,37.86878554,-80.99956002
nico,Nicodemus National Historic Site,National Historic Site,Historic Sites,KS,6644,False,False,False,,1,39.39167606,-99.61680329
niob,Niobrara National Scenic River,National Scenic River,Rivers & Riverways,NE,77476,False,False,False,224,1,42.79413083,-99.91870646
nisi,Ninety Six National Historic Site,National Historic Site,Historic Sites,SC,122732,False,False,False,150,3,34.14273587,-82.01636079
noat,Noatak National Preserve,National Preserve,Preserves & Reserves,AK,4621,False,False,False,135,0,68.01027053,-159.831694
noca,North Cascades National Park,National Park,National Parks,WA,46925,False,False,False,225,10,48.71171756,-121.2069423
noco,North Country National Scenic Trail,National Scenic Trail,Trails,MI|MN|ND|NY|OH|PA|VT|WI,,False,False,False,,1,46.334400743,-90.8165630499
npnh,National Parks of New York Harbor,Park Unit,Other,NY,,False,False,False,,0,40.6632,-74.0451
npsa,National Park of American Samoa,Park Unit,Other,AS,43258,False,False,False,45,1,-14.22865935,-169.8503777
obed,Obed Wild & Scenic River,Wild & Scenic River,Rivers & Riverways,TN,,True,False,False,,1,36.1056026037,-84.5979170501
ocmu,Ocmulgee Mounds National Historical Park,National Historical Park,Historical Parks,GA,112071,False,False,False,172,2,32.83816576,-83.60224853
okci,Oklahoma City National Memorial,National Memorial,Memorials,OK,,False,True,False,,1,35.473,-97.5171
olsp,Old Spanish National Historic Trail,National Historic Trail,Trails,AZ|CA|CO|NV|NM|UT,,False,False,False,,0,37.0791782514,-112.114693431
olym,Olympic National Park,National Park,National Parks,WA,3584187,False,False,True,263,7,47.80392754,-123.6663848
orca,Oregon Caves National Monument & Preserve,National Monument & Preserve,Preserves & Reserves,OR,64354,False,True,False,117,2,42.10319143,-123.4018586
oreg,Oregon National Historic Trail,National Historic Trail,Trails,ID|KS|MO|NE|OR|WA|WY,,False,False,False,,0,41.9876977831,-109.634200841
orpi,Organ Pipe Cactus National Monument,National Monument,Monuments,AZ,174623,False,False,True,275,3,32.03585543,-112.8573314
ovvi,Overmountain Victory National Historic Trail,National Historic Trail,Trails,NC|SC|TN|VA,,False,False,False,,0,35.14044,-81.377
oxhi,Oxon Cove Park & Oxon Hill Farm,Park Unit,Other,MD,,False,False,False,173,2,38.80578214,-77.01131457
ozar,Ozark National Scenic Riverways,National Scenic Riverways,Rivers & Riverways,MO,1116835,False,False,False,167,6,37.13968894,-91.25709817
paal,Palo Alto Battlefield National Historical Park,National Historical Park,Historical Parks,TX,168550,False,False,False,146,1,26.02387351,-97.46296072
paav,Pennsylvania Avenue,Park Unit,Other,DC,115618,False,False,False,,0,38.89426856,-77.02506554
pagr,Paterson Great Falls National Historical Park,National Historical Park,Historical Parks,NJ,189721,False,False,False,,6,40.91584645,-74.18021494
pais,Padre Island National Seashore,National Seashore,Seashores & Lakeshores,TX,573255,False,False,True,372,3,27.05381186,-97.35901135
para,Grand Canyon-Parashant National Monument,National Monument,Monuments,AZ,,False,False,False,178,3,36.41535465,-113.6682797
peco,Pecos National Historical Park,National Historical Park,Historical Parks,NM,37083,False,False,False,85,1,35.54192238,-105.6814684
pefo,Petrified Forest National Park,National Park,National Parks,AZ,315951,True,False,True,221,2,34.98387664,-109.7877678
peri,Pea Ridge National Military Park,National Military Park,Battlefields & Military Parks,AR,131726,False,False,False,74,0,36.45438033,-94.03468357
pete,Petersburg National Battlefield,National Battlefield,Battlefields & Military Parks,VA,494358,False,False,False,130,0,37.19109957,-77.47594865
petr,Petroglyph National Monument,National Monument,Monuments,NM,310672,False,False,False,125,3,35.13915998,-106.7491456
pevi,Perry's Victory & International Peace Memorial,Memorial,Memorials,OH,124327,False,False,False,,1,41.65449782,-82.8115794
pine,New Jersey Pinelands National Reserve,National Reserve,Preserves & Reserves,NJ,,False,False,False,,0,39.9384,-74.625
pinn,Pinnacles National Park,National Park,National Parks,CA,343208,False,False,True,159,4,36.49029208,-121.1813607
pipe,Pipestone National Monument,National Monument,Monuments,MN,77436,False,False,False,252,3,44.01351958,-96.32475523
piro,Pictured Rocks National Lakeshore,National Lakeshore,Seashores & Lakeshores,MI,933966,False,False,True,217,1,46.56435642,-86.31628733
pisc,Piscataway Park,Park,Other,MD,275070,False,False,False,221,2,38.6929,-77.067
pisp,Pipe Spring National Monument,National Monument,Monuments,AZ,18967,False,False,True,173,0,36.86282666,-112.7398567
poch,Port Chicago Naval Magazine National Memorial,National Memorial,Memorials,CA,782,False,False,False,,0,38.05685472,-122.0301603
poex,Pony Express National Historic Trail,National Historic Trail,Trails,CA|CO|KS|MO|NE|NV|UT|WY,,False,False,False,,0,42.2365761128,-109.266148417
pohe,Potomac Heritage National Scenic Trail,National Scenic Trail,Trails,DC|MD|PA|VA,,False,False,False,,0,39.15060133,-77.52301085
popo,Poverty Point National Monument,National Monument,Monuments,LA,,False,False,False,,1,32.6424361,-91.40829834
pore,Point Reyes National Seashore,National Seashore,Seashores & Lakeshores,CA,2429601,False,False,False,367,1,38.05511241,-122.8797804
prsf,Presidio of San Francisco,Park Unit,Other,CA,,False,False,False,238,1,37.797,-122.4671
prwi,Prince William Forest Park,Park,Other,VA,339015,False,False,True,129,1,38.58589108,-77.38910997
puhe,Puʻukoholā Heiau National Historic Site,National Historic Site,Historic Sites,HI,21978,False,False,False,40,2,20.02772186,-155.8211629
puho,Puʻuhonua o Hōnaunau National Historical Park,National Historical Park,Historical Parks,HI,371957,False,False,True,32,2,19.41268627,-155.9008789
pull,Pullman National Historical Park,National Historical Park,Historical Parks,IL,22367,False,False,False,,1,41.69429163,-87.60873824
rabr,Rainbow Bridge National Monument,National Monument,Monuments,UT,11404,True,False,False,41,1,37.0779,-110.9655
redw,Redwood National and State Parks,National and State Parks,Other,CA,1202480,False,False,False,309,3,41.37237268,-124.0318129
reer,Reconstruction Era National Historical Park,National Historical Park,Historical Parks,SC,23206,False,False,False,,0,32.3868598938,-80.6511077881
rich,Richmond National Battlefield Park,National Battlefield Park,Battlefields & Military Parks,VA,149545,False,False,False,155,0,37.48774472,-77.29107785
rigr,Rio Grande Wild & Scenic River,Wild & Scenic River,Rivers & Riverways,TX,120,False,False,True,,0,29.881,-102.3188
rira,River Raisin National Battlefield Park,National Battlefield Park,Battlefields & Military Parks,MI,133643,False,False,False,,1,41.91291085,-83.37620464
roca,Roosevelt Campobello International Park,International Park,International,ME,,False,False,False,,1,44.8736,-66.9621
rocr,Rock Creek Park,Park,Other,DC,1865048,False,False,False,182,7,38.95125063,-77.05002838
romo,Rocky Mountain National Park,National Park,National Parks,CO,4171431,False,True,True,257,1,40.3556924,-105.6972879
rori,Rosie the Riveter WWII Home Front National Historical Park,National Historical Park,Historical Parks,CA,33689,False,False,False,,0,37.90999027,-122.360156
rowi,Roger Williams National Memorial,National Memorial,Memorials,RI,38959,False,False,False,,0,41.8298955,-71.41056665
ruca,Russell Cave National Monument,National Monument,Monuments,AL,7821,False,False,False,130,1,34.97402063,-85.81560314
saan,San Antonio Missions National Historical Park,National Historical Park,Historical Parks,TX,1552510,False,False,False,233,0,29.31262089,-98.4289522
sacn,Saint Croix National Scenic Riverway,National Scenic Riverway,Rivers & Riverways,WI|MN,852296,False,False,False,269,0,45.70019235,-92.36126685
sacr,Saint Croix Island International Historic Site,International Historic Site,International,ME,15481,False,False,False,,1,45.12858838,-67.13363651
safe,Santa Fe National Historic Trail,National Historic Trail,Trails,CO|KS|MO|NM|OK,,False,False,False,,0,37.7276522226,-99.921969227
safr,San Francisco Maritime National Historical Park,National Historical Park,Historical Parks,CA,2944483,False,False,False,,4,37.81005871,-122.4244415
saga,Saint-Gaudens National Historical Park,National Historical Park,Historical Parks,NH,28451,False,False,True,52,2,43.4997238,-72.37333969
sagu,Saguaro National Park,National Park,National Parks,AZ,847749,True,False,True,210,4,32.20909636,-110.7574974
sahi,Sagamore Hill National Historic Site,National Historic Site,Historic Sites,NY,122124,False,False,False,152,1,40.88579128,-73.49686438
sair,Saugus Iron Works National Historic Site,National Historic Site,Historic Sites,MA,51495,False,False,False,32,0,42.46830664,-71.0076953
sajh,San Juan Island National Historical Park,National Historical Park,Historical Parks,WA,420922,False,False,False,175,2,48.51241933,-123.0610277
saju,San Juan National Historic Site,National Historic Site,Historic Sites,PR,1402132,False,False,True,,0,18.46873857,-66.11848623
sama,Salem Maritime National Historical Park,National Historical Park,Historical Parks,MA,569839,False,False,False,,2,42.52024529,-70.88640867
samo,Santa Monica Mountains National Recreation Area,National Recreation Area,Recreation Areas,CA,722626,False,False,False,400,0,34.09777606,-118.7708619
sand,Sand Creek Massacre National Historic Site,National Historic Site,Historic Sites,CO,4338,False,False,False,,2,38.56414189,-102.5169542
sapa,Saint Paul's Church National Historic Site,National Historic Site,Historic Sites,NY,8853,False,False,False,,1,40.89283511,-73.82577276
sapu,Salinas Pueblo Missions National Monument,National Monument,Monuments,NM,32144,True,False,False,162,1,34.35423203,-106.2050309
sara,Saratoga National Historical Park,National Historical Park,Historical Parks,NY,119249,False,False,False,,0,42.99522612,-73.63386108
sari,Salt River Bay National Historical Park and Ecological Preserve,National Historical Park and Ecological Preserve,Preserves & Reserves,VI,12126,False,False,False,14,1,17.77908602,-64.75519348
scbl,Scotts Bluff National Monument,National Monument,Monuments,NE,182392,False,False,False,126,1,41.83464193,-103.7071351
seki,Sequoia & Kings Canyon National Parks,National Parks,National Parks,CA,,False,False,True,212,1,36.71277299,-118.587429
semo,Selma To Montgomery National Historic Trail,National Historic Trail,Trails,AL,,False,False,False,,2,32.27082092,-86.72823702
shen,Shenandoah National Park,National Park,National Parks,VA,1682152,False,False,True,196,6,38.49236644,-78.46907715
shil,Shiloh National Military Park,National Military Park,Battlefields & Military Parks,TN|MS,346955,False,False,False,186,1,35.13850907,-88.3421072
sitk,Sitka National Historical Park,National Historical Park,Historical Parks,AK,332964,False,False,False,182,0,57.04718173,-135.3156876
slbe,Sleeping Bear Dunes National Lakeshore,National Lakeshore,Seashores & Lakeshores,MI,1601747,False,False,True,238,1,44.92844962,-86.02706591
spar,Springfield Armory National Historic Site,National Historic Site,Historic Sites,MA,13934,False,False,False,,0,42.1086368,-72.57967415
spra,Springfield 1908 Race Riot National Monument,National Monument,Monuments,IL,,False,False,False,,0,39.8027,-89.6422
stea,Steamtown National Historic Site,National Historic Site,Historic Sites,PA,60844,False,False,False,,0,41.40757521,-75.67037255
stge,Ste. Geneviève National Historical Park,National Historical Park,Historical Parks,MO,16525,False,False,False,,1,37.9792171421,-90.0432157516
stli,Statue Of Liberty National Monument,National Monument,Monuments,NY,3538231,False,False,False,,0,40.6898,-74.0451
ston,Stonewall National Monument,National Monument,Monuments,NY,298077,False,False,False,,0,40.7337799072,-74.0006866455
stri,Stones River National Battlefield,National Battlefield,Battlefields & Military Parks,TN,454614,False,False,False,152,1,35.87608652,-86.43078399
stsp,Star-Spangled Banner National Historic Trail,National Historic Trail,Trails,MD|VA|DC,,False,False,False,,1,39.2872505188,-76.6034317017
sucr,Sunset Crater Volcano National Monument,National Monument,Monuments,AZ,108348,True,False,True,113,2,35.37114323,-111.510376
tapr,Tallgrass Prairie National Preserve,National Preserve,Preserves & Reserves,KS,27531,False,False,False,136,3,38.44023613,-96.5670822
thco,Thomas Cole National Historic Site,National Historic Site,Historic Sites,NY,,False,False,False,,0,42.22570607,-73.86154864
this,Theodore Roosevelt Island,Park Unit,Other,DC,159828,False,False,False,169,0,38.89584162,-77.06241918
thje,Thomas Jefferson Memorial,Park Unit,Other,DC,,False,False,False,,1,38.88101431,-77.03632572
thko,Thaddeus Kosciuszko National Memorial,National Memorial,Memorials,PA,1664,False,False,False,,0,39.94345312,-75.14732045
thrb,Theodore Roosevelt Birthplace National Historic Site,National Historic Site,Historic Sites,NY,26864,False,False,False,,1,40.7386469,-73.98903703
thri,Theodore Roosevelt Inaugural National Historic Site,National Historic Site,Historic Sites,NY,26787,False,False,False,,1,42.90146781,-78.87248411
thro,Theodore Roosevelt National Park,National Park,National Parks,ND,729893,False,False,True,161,3,47.17777274,-103.4300083
thst,Thomas Stone National Historic Site,National Historic Site,Historic Sites,MD,4910,False,False,False,112,0,38.52934443,-77.037813
tica,Timpanogos Cave National Monument,National Monument,Monuments,UT,92031,True,True,False,128,3,40.44039719,-111.7093944
till,Emmett Till and Mamie Till-Mobley National Monument,National Monument,Monuments,IL|MS,3763,False,False,False,,0,33.9711,-90.3698
timu,Timucuan Ecological & Historic Preserve,Ecological & Historic Preserve,Preserves & Reserves,FL,1109821,False,False,False,311,0,30.47251894,-81.49950104
tont,Tonto National Monument,National Monument,Monuments,AZ,26160,True,False,True,150,2,33.64842945,-111.1135627
tosy,Touro Synagogue National Historic Site,National Historic Site,Historic Sites,RI,,False,False,False,,0,41.4893,-71.3121
trte,Trail Of Tears National Historic Trail,National Historic Trail,Trails,AL|AR|GA|IL|KY|MO|NC|OK|TN,,False,False,False,,0,36.0530021046,-89.6761041963
tuai,Tuskegee Airmen National Historic Site,National Historic Site,Historic Sites,AL,25041,False,False,False,,1,32.45538671,-85.67983321
tuin,Tuskegee Institute National Historic Site,National Historic Site,Historic Sites,AL,8659,False,False,False,,4,32.42962115,-85.70488498
tule,Tule Lake National Monument,National Monument,Monuments,CA,4868,False,False,False,,0,41.88727902,-121.3744818
tuma,Tumacácori National Historical Park,National Historical Park,Historical Parks,AZ,28449,True,False,True,182,0,31.567824,-111.051223
tupe,Tupelo National Battlefield,National Battlefield,Battlefields & Military Parks,MS,,False,False,False,,0,34.25557705,-88.73708623
tusk,Tule Springs Fossil Beds National Monument,National Monument,Monuments,NV,51964,False,False,False,235,1,36.3893217,-115.3202223
tuzi,Tuzigoot National Monument,National Monument,Monuments,AZ,86473,False,False,True,205,2,34.77296377,-112.0279069
ulsg,Ulysses S Grant National Historic Site,National Historic Site,Historic Sites,MO,37467,False,False,False,,1,38.55182374,-90.35169255
upde,Upper Delaware Scenic & Recreational River,Scenic & Recreational River,Rivers & Riverways,NY|PA,380245,False,False,False,95,0,41.66172578,-75.03861562
vafo,Valley Forge National Historical Park,National Historical Park,Historical Parks,PA,1819086,False,False,False,178,4,40.10054985,-75.44581889
vall,Valles Caldera National Preserve,National Preserve,Preserves & Reserves,NM,84952,False,False,True,103,2,35.91682872,-106.5195724
valr,Pearl Harbor National Memorial,National Memorial,Memorials,HI,,False,False,False,,0,21.3670699388,-157.938578898
vama,Vanderbilt Mansion National Historic Site,National Historic Site,Historic Sites,NY,295040,False,False,True,62,0,41.79697937,-73.94205557
vick,Vicksburg National Military Park,National Military Park,Battlefields & Military Parks,MS|LA,410300,False,False,True,190,3,32.3621286,-90.85030186
vicr,Virgin Islands Coral Reef National Monument,National Monument,Monuments,VI,,False,False,False,,0,18.28996918,-64.70683395
viis,Virgin Islands National Park,National Park,National Parks,VI,471074,False,False,False,174,1,18.34279656,-64.74194451
vive,Vietnam Veterans Memorial,Park Unit,Other,DC,4848112,False,False,False,,0,38.89096297,-77.04765735
voya,Voyageurs National Park,National Park,National Parks,MN,206326,True,False,False,235,1,48.48370609,-92.8382913
waba,Washita Battlefield National Historic Site,National Historic Site,Historic Sites,OK,11048,False,False,False,7,0,35.62083963,-99.70445143
waca,Walnut Canyon National Monument,National Monument,Monuments,AZ,153317,True,False,True,108,0,35.16822994,-111.5024239
waco,Waco Mammoth National Monument,National Monument,Monuments,TX,91678,False,False,False,,0,31.60465887,-97.17606143
wamo,Washington Monument,Park Unit,Other,DC,204489,False,True,False,,1,38.88948,-77.035207
wapa,War In The Pacific National Historical Park,National Historical Park,Historical Parks,GU,397733,False,False,False,29,1,13.43795691,144.6922461
waro,Washington-Rochambeau Revolutionary Route National Historic Trail,National Historic Trail,Trails,MA|RI|CT|NY|NJ|PA|DE|MD|VA|DC,,False,False,False,,0,40.0958204557,-74.8563515109
wefa,Weir Farm National Historical Park,National Historical Park,Historical Parks,CT,30339,False,False,False,51,1,41.25886268,-73.45452542
whho,The White House and President's Park,Park Unit,Other,DC,311213,False,False,False,54,1,38.89541886,-77.03654147
whis,Whiskeytown National Recreation Area,National Recreation Area,Recreation Areas,CA,763798,False,False,True,192,2,40.61359941,-122.6022657
whmi,Whitman Mission National Historic Site,National Historic Site,Historic Sites,WA,54089,False,False,False,221,1,46.04119286,-118.4629388
whsa,White Sands National Park,National Park,National Parks,NM,659742,False,False,True,151,5,32.77907858,-106.3333461
wica,Wind Cave National Park,National Park,National Parks,SD,606258,False,False,False,217,3,43.58012365,-103.4394709
wicl,President William Jefferson Clinton Birthplace Home National Historic Site,National Historic Site,Historic Sites,AR,6821,False,False,False,,0,33.66758356,-93.59641868
wicr,Wilson's Creek National Battlefield,National Battlefield,Battlefields & Military Parks,MO,370558,False,False,False,134,2,37.1000127,-93.40986704
wiho,William Howard Taft National Historic Site,National Historic Site,Historic Sites,OH,18121,False,False,False,,1,39.11970352,-84.50758951
wing,Wing Luke Museum Affiliated Area,Affiliated Area,Affiliated Areas,WA,,False,False,False,,0,47.59820859,-122.3228912
wori,Women's Rights National Historical Park,National Historical Park,Historical Parks,NY,27346,False,False,False,,0,42.90817073,-76.81655558
wotr,Wolf Trap National Park for the Performing Arts,Park Unit,Other,VA,437413,False,False,False,91,0,38.93854526,-77.265089
wrbr,Wright Brothers National Memorial,National Memorial,Memorials,NC,341576,False,False,True,,0,36.01637713,-75.66997163
wrst,Wrangell - St Elias National Park & Preserve,National Park & Preserve,Preserves & Reserves,AK,108840,False,False,False,196,1,61.4182147,-142.6028439
wupa,Wupatki National Monument,National Monument,Monuments,AZ,129864,True,False,True,150,3,35.55741077,-111.3957216
wwii,World War II Memorial,Park Unit,Other,DC,3993717,False,False,False,,0,38.88923917,-77.0403759
wwim,World War I Memorial,Park Unit,Other,DC,838999,False,False,False,,0,38.8959,-77.0329
yell,Yellowstone National Park,National Park,National Parks,ID|MT|WY,4762988,False,False,True,289,4,44.59824417,-110.5471695
york,Yorktown Battlefield Part of Colonial National Historical Park,Part of Colonial National Historical Park,Historical Parks,VA,,False,False,True,,1,37.2195,-76.4983
yose,Yosemite National Park,National Park,National Parks,CA,4278413,False,False,True,269,1,37.84883288,-119.5571873
yuch,Yukon - Charley Rivers National Preserve,National Preserve,Preserves & Reserves,AK,962,False,False,False,152,1,65.0935608,-142.7960021
yuho,Yucca House National Monument,National Monument,Monuments,CO,,False,False,False,121,0,37.24778944,-108.6861274
zion,Zion National Park,National Park,National Parks,UT,4984525,True,False,True,262,6,37.29839254,-113.0265138
